planner_name,seed,scenario_name,success_rate,found_valid_path,first_solution_ms,total_planning_ms,replans,repairs,path_length,min_clearance_px,recovery_ms,total_nodes,status
RRT,45,three_total_smooth_obstacles_2x2,100.0,1,8750.0,8750.0,12.0,0.0,1156.542816968036,4.775000095367432,,184,FOUND
RRT,46,three_total_smooth_obstacles_2x2,100.0,1,8750.0,8750.0,14.0,0.0,1241.6912932710832,4.107900142669678,,155,FOUND
RRT,47,three_total_smooth_obstacles_2x2,100.0,1,70.0,70.0,1.0,0.0,1339.2793071001745,10.505000114440918,,214,FOUND
RRT,48,three_total_smooth_obstacles_2x2,100.0,1,9030.0,9030.0,8.0,0.0,1130.443778258165,0.0,,179,FOUND
RRT,49,three_total_smooth_obstacles_2x2,100.0,1,6510.0,6510.0,9.0,0.0,1282.8140776829864,7.639999866485596,,207,FOUND
RRT,50,three_total_smooth_obstacles_2x2,100.0,1,8750.0,8750.0,8.0,0.0,1148.2587644675627,5.477200031280518,,206,FOUND
RRT,51,three_total_smooth_obstacles_2x2,100.0,1,8190.0,8190.0,9.0,0.0,1319.7291674480823,9.550000190734863,,203,FOUND
RRT,52,three_total_smooth_obstacles_2x2,100.0,1,8505.0,8505.0,4.0,0.0,1474.2442838501552,28.649999618530273,,334,FOUND
RRT,53,three_total_smooth_obstacles_2x2,100.0,1,9030.0,9030.0,14.0,0.0,1183.669874316456,0.0,,175,FOUND
RRT,54,three_total_smooth_obstacles_2x2,100.0,1,4550.0,4550.0,3.0,0.0,1285.6277950614524,0.0,,168,FOUND
RRT,55,three_total_smooth_obstacles_2x2,100.0,1,6265.0,6265.0,5.0,0.0,1287.3967506460342,33.42500305175781,,259,FOUND
RRT,56,three_total_smooth_obstacles_2x2,100.0,1,5950.0,5950.0,10.0,0.0,1198.0456473204797,3.819999933242798,,171,FOUND
RRT,57,three_total_smooth_obstacles_2x2,100.0,1,4830.0,4830.0,4.0,0.0,1245.8591534623056,15.694299697875977,,146,FOUND
RRT,58,three_total_smooth_obstacles_2x2,100.0,1,7350.0,7350.0,5.0,0.0,1282.1479880846891,15.188699722290039,,159,FOUND
RRT,59,three_total_smooth_obstacles_2x2,100.0,1,5670.0,5670.0,6.0,0.0,1209.1113914494135,13.369999885559082,,230,FOUND
RRT,60,three_total_smooth_obstacles_2x2,100.0,1,7630.0,7630.0,8.0,0.0,1352.9028135280973,0.0,,163,FOUND
RRT,61,three_total_smooth_obstacles_2x2,100.0,1,3710.0,3710.0,5.0,0.0,1329.6864852861909,18.145000457763672,,185,FOUND
RRT,62,three_total_smooth_obstacles_2x2,100.0,1,5985.0,5985.0,4.0,0.0,1295.1731254043577,18.145000457763672,,253,FOUND
RRT,63,three_total_smooth_obstacles_2x2,100.0,1,7945.0,7945.0,13.0,0.0,1196.9320289338698,15.279999732971191,,254,FOUND
RRT,64,three_total_smooth_obstacles_2x2,100.0,1,3710.0,3710.0,6.0,0.0,1537.1021388991728,0.0,,223,FOUND
RRT_CONNECT,45,three_total_smooth_obstacles_2x2,100.0,1,6510.0,6510.0,11.0,0.0,1248.7730430959857,0.9549999833106995,,116,FOUND
RRT_CONNECT,46,three_total_smooth_obstacles_2x2,100.0,1,5670.0,5670.0,5.0,0.0,1360.3145513772324,4.648600101470947,,137,FOUND
RRT_CONNECT,47,three_total_smooth_obstacles_2x2,100.0,1,6230.0,6230.0,6.0,0.0,1213.1855633001833,0.9549999833106995,,120,FOUND
RRT_CONNECT,48,three_total_smooth_obstacles_2x2,100.0,1,4550.0,4550.0,4.0,0.0,1123.6980241883334,0.9549999833106995,,132,FOUND
RRT_CONNECT,49,three_total_smooth_obstacles_2x2,100.0,1,4025.0,4025.0,4.0,0.0,1698.0023762292335,0.9549999833106995,,191,FOUND
RRT_CONNECT,50,three_total_smooth_obstacles_2x2,100.0,1,7875.0,7875.0,9.0,0.0,1119.5788009315913,0.9549999833106995,,90,FOUND
RRT_CONNECT,51,three_total_smooth_obstacles_2x2,100.0,1,7070.0,7070.0,6.0,0.0,1085.5235133572203,8.595000267028809,,123,FOUND
RRT_CONNECT,52,three_total_smooth_obstacles_2x2,100.0,1,7315.0,7315.0,7.0,0.0,1128.1600915861472,0.9549999833106995,,107,FOUND
RRT_CONNECT,53,three_total_smooth_obstacles_2x2,100.0,1,8995.0,8995.0,9.0,0.0,1088.7142444457982,3.819999933242798,,98,FOUND
RRT_CONNECT,54,three_total_smooth_obstacles_2x2,100.0,1,8715.0,8715.0,6.0,0.0,1031.718413510981,9.550000190734863,,89,FOUND
RRT_CONNECT,55,three_total_smooth_obstacles_2x2,100.0,1,3150.0,3150.0,5.0,0.0,1222.7286770986104,3.6935999393463135,,174,FOUND
RRT_CONNECT,56,three_total_smooth_obstacles_2x2,100.0,1,8435.0,8435.0,10.0,0.0,1104.6432275703708,1.909999966621399,,103,FOUND
RRT_CONNECT,57,three_total_smooth_obstacles_2x2,100.0,1,4830.0,4830.0,6.0,0.0,1304.7580945630045,0.9549999833106995,,128,FOUND
RRT_CONNECT,58,three_total_smooth_obstacles_2x2,100.0,1,8155.0,8155.0,12.0,0.0,1168.9524399038887,3.2792999744415283,,103,FOUND
RRT_CONNECT,59,three_total_smooth_obstacles_2x2,100.0,1,5950.0,5950.0,7.0,0.0,1459.676576927028,0.9549999833106995,,144,FOUND
RRT_CONNECT,60,three_total_smooth_obstacles_2x2,100.0,1,4270.0,4270.0,7.0,0.0,1427.406541239196,0.9549999833106995,,124,FOUND
RRT_CONNECT,61,three_total_smooth_obstacles_2x2,100.0,1,5110.0,5110.0,7.0,0.0,1404.2132009568197,1.3693000078201294,,102,FOUND
RRT_CONNECT,62,three_total_smooth_obstacles_2x2,100.0,1,4550.0,4550.0,7.0,0.0,1281.9212231037916,2.865000009536743,,112,FOUND
RRT_CONNECT,63,three_total_smooth_obstacles_2x2,100.0,1,6230.0,6230.0,7.0,0.0,1183.0398384293649,4.775000095367432,,117,FOUND
RRT_CONNECT,64,three_total_smooth_obstacles_2x2,100.0,1,4270.0,4270.0,7.0,0.0,1423.2870521607563,1.3693000078201294,,122,FOUND
RRT_STAR,45,three_total_smooth_obstacles_2x2,100.0,1,9030.0,9650.888710021973,15.0,0.0,954.1767774450153,0.9549999833106995,,602,FOUND
RRT_STAR,46,three_total_smooth_obstacles_2x2,100.0,1,8470.0,23593.955011367798,15.0,0.0,940.4177890061377,1.909999966621399,,2522,FOUND
RRT_STAR,47,three_total_smooth_obstacles_2x2,100.0,1,8750.0,13332.695960998535,13.0,0.0,997.8198585381598,0.9549999833106995,,1562,FOUND
RRT_STAR,48,three_total_smooth_obstacles_2x2,100.0,1,8470.0,19662.55495071411,14.0,0.0,950.928052889948,4.648600101470947,,2522,FOUND
RRT_STAR,49,three_total_smooth_obstacles_2x2,100.0,1,8155.0,27899.54641342163,15.0,0.0,940.8388682213971,3.6935999393463135,,3482,FOUND
RRT_STAR,50,three_total_smooth_obstacles_2x2,100.0,1,8190.0,31131.275119781494,14.0,0.0,939.701410556201,3.2792999744415283,,3482,FOUND
RRT_STAR,51,three_total_smooth_obstacles_2x2,100.0,1,8470.0,17252.65404701233,15.0,0.0,942.2007691229013,0.0,,2522,FOUND
RRT_STAR,52,three_total_smooth_obstacles_2x2,100.0,1,9030.0,9423.458843231201,13.0,0.0,1104.127519197099,2.738600015640259,,602,FOUND
RRT_STAR,53,three_total_smooth_obstacles_2x2,100.0,1,8750.0,12252.338409423828,15.0,0.0,945.7836816933936,0.0,,1562,FOUND
RRT_STAR,54,three_total_smooth_obstacles_2x2,100.0,1,7070.0,43289.0146446228,14.0,0.0,953.4516179917589,0.9549999833106995,,5000,FOUND
RRT_STAR,55,three_total_smooth_obstacles_2x2,100.0,1,9030.0,9380.65507888794,15.0,0.0,957.7717301305747,0.0,,602,FOUND
RRT_STAR,56,three_total_smooth_obstacles_2x2,100.0,1,8750.0,11948.694705963135,14.0,0.0,967.2332381182555,2.3243000507354736,,1562,FOUND
RRT_STAR,57,three_total_smooth_obstacles_2x2,100.0,1,7910.0,64414.24075126648,12.0,0.0,943.9591616242283,2.738600015640259,,4442,FOUND
RRT_STAR,58,three_total_smooth_obstacles_2x2,100.0,1,8470.0,16535.805435180664,14.0,0.0,949.5317234110935,2.865000009536743,,2522,FOUND
RRT_STAR,59,three_total_smooth_obstacles_2x2,100.0,1,9030.0,9413.127450942993,17.0,0.0,1024.0648025267635,2.865000009536743,,602,FOUND
RRT_STAR,60,three_total_smooth_obstacles_2x2,100.0,1,9030.0,9369.624643325806,12.0,0.0,1015.6974452812759,0.0,,602,FOUND
RRT_STAR,61,three_total_smooth_obstacles_2x2,100.0,1,9030.0,9640.058307647705,17.0,0.0,1060.5157896831054,13.369999885559082,,602,FOUND
RRT_STAR,62,three_total_smooth_obstacles_2x2,100.0,1,8715.0,12289.707508087158,17.0,0.0,945.1047542016768,2.3243000507354736,,1562,FOUND
RRT_STAR,63,three_total_smooth_obstacles_2x2,100.0,1,8750.0,12215.382099151611,17.0,0.0,1035.0070645951791,0.9549999833106995,,1562,FOUND
RRT_STAR,64,three_total_smooth_obstacles_2x2,100.0,1,8470.0,17339.35305595398,20.0,0.0,938.2080784318758,3.6935999393463135,,2522,FOUND
RRTX,45,three_total_smooth_obstacles_2x2,100.0,1,70.0,70.0,1.0,32.0,1056.1536476012593,0.9549999833106995,55.3154296875,3058,FOUND
RRTX,46,three_total_smooth_obstacles_2x2,0.0,0,,,,,,,,2065,FAILED
RRTX,47,three_total_smooth_obstacles_2x2,100.0,1,70.0,70.0,1.0,32.0,1053.0972145647863,0.9549999833106995,59.05029296875,3134,FOUND
RRTX,48,three_total_smooth_obstacles_2x2,0.0,0,,,,,,,,2125,FAILED
RRTX,49,three_total_smooth_obstacles_2x2,0.0,0,,,,,,,,2155,FAILED
RRTX,50,three_total_smooth_obstacles_2x2,0.0,0,,,,,,,,1849,FAILED
RRTX,51,three_total_smooth_obstacles_2x2,0.0,0,,,,,,,,2312,FAILED
RRTX,52,three_total_smooth_obstacles_2x2,0.0,0,,,,,,,,2267,FAILED
RRTX,53,three_total_smooth_obstacles_2x2,0.0,0,,,,,,,,2167,FAILED
RRTX,54,three_total_smooth_obstacles_2x2,0.0,0,,,,,,,,2148,FAILED
RRTX,55,three_total_smooth_obstacles_2x2,0.0,0,,,,,,,,2014,FAILED
RRTX,56,three_total_smooth_obstacles_2x2,0.0,0,,,,,,,,2175,FAILED
RRTX,57,three_total_smooth_obstacles_2x2,0.0,0,,,,,,,,2172,FAILED
RRTX,58,three_total_smooth_obstacles_2x2,100.0,1,70.0,70.0,1.0,32.0,1047.7612303362248,0.9549999833106995,63.40771484375,3010,FOUND
RRTX,59,three_total_smooth_obstacles_2x2,0.0,0,,,,,,,,2279,FAILED
RRTX,60,three_total_smooth_obstacles_2x2,0.0,0,,,,,,,,2218,FAILED
RRTX,61,three_total_smooth_obstacles_2x2,0.0,0,,,,,,,,1828,FAILED
RRTX,62,three_total_smooth_obstacles_2x2,0.0,0,,,,,,,,2146,FAILED
RRTX,63,three_total_smooth_obstacles_2x2,0.0,0,,,,,,,,2271,FAILED
RRTX,64,three_total_smooth_obstacles_2x2,0.0,0,,,,,,,,2110,FAILED
